hex_id,centroid_lat,centroid_lon,hours_count,days_affected,datetimes_affected
61922,48.782271874875,-79.1943945970793,1,1,2026-01-05 18:32:12
62533,48.7902890364431,-79.1882541465367,1,1,2026-01-05 18:32:12
300431,45.7869269543533,-76.4484660432476,1,1,2026-01-03 09:32:54
301652,45.7870893043541,-76.4356048936543,1,1,2026-01-03 09:32:54
302262,45.7793775410476,-76.4289751423271,1,1,2026-01-03 09:32:54
302871,45.7560804699048,-76.4219511626621,1,1,2026-01-03 09:32:54
302873,45.7872502071273,-76.4227436344254,1,1,2026-01-03 09:32:54
303482,45.7639527651238,-76.4157211728726,1,1,2026-01-03 09:32:54
304703,45.7641113683408,-76.4028651207189,1,1,2026-01-03 09:32:54
324239,45.7664523248491,-76.1971543973639,1,1,2026-01-04 01:48:42
324849,45.7587263465355,-76.1905597428489,1,1,2026-01-04 01:48:42
324850,45.7743126685302,-76.1908914044295,1,1,2026-01-04 01:48:42
325460,45.7665863397078,-76.1842966590565,1,1,2026-01-04 01:48:42
325461,45.7821726755493,-76.1846266665629,1,1,2026-01-04 01:48:42
326071,45.7744459961123,-76.178031830776,1,1,2026-01-04 01:48:42
326072,45.7900323456247,-76.1783601827833,1,1,2026-01-04 01:48:42
326681,45.7667189079382,-76.1714388303811,1,1,2026-01-04 01:48:42
326682,45.7823053154671,-76.1717652570272,1,1,2026-01-04 01:48:42
326683,45.7978916784744,-76.1720919521095,1,1,2026-01-04 01:48:42
327292,45.7745778766619,-76.165172167199,1,1,2026-01-04 01:48:42
327293,45.7901642974904,-76.1654969368294,1,1,2026-01-04 01:48:42
327294,45.8057506738164,-76.1658219735597,1,1,2026-01-04 01:48:42
327902,45.7668500295139,-76.1585809123177,1,1,2026-01-04 01:48:42
327903,45.7824365079482,-76.1589037580129,1,1,2026-01-04 01:48:42
327904,45.7980229419002,-76.1592268692012,1,1,2026-01-04 01:48:42
327905,45.8136093313686,-76.1595502461517,1,1,2026-01-04 01:48:42
328513,45.7747083101526,-76.1523124146789,1,1,2026-01-04 01:48:42
328514,45.7902948015151,-76.1526336018422,1,1,2026-01-04 01:48:42
328515,45.8058812484141,-76.1529550531608,1,1,2026-01-04 01:48:42
329123,45.7669797044085,-76.1457229058463,1,1,2026-01-04 01:48:42
329124,45.7825662529664,-76.146042170501,1,1,2026-01-04 01:48:42
329125,45.7981527570806,-76.1463616977054,1,1,2026-01-04 01:48:42
329126,45.8137392167501,-76.1466814877259,1,1,2026-01-04 01:48:42
329734,45.7748372965586,-76.1394525741963,1,1,2026-01-04 01:48:42
329735,45.7904238576728,-76.1397701788033,1,1,2026-01-04 01:48:42
329736,45.8060103743621,-76.1400880446207,1,1,2026-01-04 01:48:42
329737,45.8215968466255,-76.1404061719137,1,1,2026-01-04 01:48:42
330345,45.7826945504957,-76.1331804954725,1,1,2026-01-04 01:48:42
330346,45.7982811239897,-76.1334964386042,1,1,2026-01-04 01:48:42
330347,45.8138676530774,-76.1338126416057,1,1,2026-01-04 01:48:42
330955,45.7749648358539,-76.1265926467318,1,1,2026-01-04 01:48:42
330956,45.7905514659377,-76.1269066686942,1,1,2026-01-04 01:48:42
330957,45.8061380516346,-76.1272209489221,1,1,2026-01-04 01:48:42
330958,45.8217245929438,-76.1275354876776,1,1,2026-01-04 01:48:42
331566,45.7828214005106,-76.1203187339087,1,1,2026-01-04 01:48:42
331567,45.798408042602,-76.1206310928799,1,1,2026-01-04 01:48:42
331568,45.813994640325,-76.1209437087744,1,1,2026-01-04 01:48:42
332177,45.7906776262842,-76.1140430724967,1,1,2026-01-04 01:48:42
332178,45.8062642802062,-76.1143537670476,1,1,2026-01-04 01:48:42
332788,45.7985335128921,-76.1077656615145,1,1,2026-01-04 01:48:42
333398,45.7908023386874,-76.1011793911924,1,1,2026-01-04 01:48:42
380387,45.490513833611,-75.6026050923162,1,1,2026-01-05 21:27:57
380998,45.498342206697,-75.5962889223334,1,1,2026-01-05 21:27:57
381608,45.4905806273958,-75.5898082225583,1,1,2026-01-05 21:27:57
391989,45.5300651060981,-75.4813652566277,1,1,2026-01-05 10:38:44
393210,45.5301183527825,-75.4685591687402,1,1,2026-01-05 10:38:44
425621,46.3806141233037,-75.1311774199924,1,1,2026-01-05 03:50:57
426231,46.3728274041763,-75.1246577202164,1,1,2026-01-05 03:50:57
426232,46.3884153786092,-75.1246932012249,1,1,2026-01-05 03:50:57
426233,46.4040033103362,-75.1247287116422,1,1,2026-01-05 03:50:57
426841,46.3650403009611,-75.1181398749329,1,1,2026-01-05 03:50:57
426842,46.3806283004819,-75.118173491651,1,1,2026-01-05 03:50:57
426843,46.3962162572984,-75.1182071362298,1,1,2026-01-05 03:50:57
426844,46.4118041714119,-75.1182408086979,1,1,2026-01-05 03:50:57
426845,46.4273920428235,-75.1182745090841,1,1,2026-01-05 03:50:57
427451,46.3572528139591,-75.111623883121,1,1,2026-01-05 03:50:57
427452,46.3728408383662,-75.1116556370855,1,1,2026-01-05 03:50:57
427453,46.3884288200703,-75.1116874173642,1,1,2026-01-05 03:50:57
427454,46.4040167590727,-75.1117192239842,1,1,2026-01-05 03:50:57
427455,46.4196046553747,-75.1117510569727,1,1,2026-01-05 03:50:57
427456,46.4351925089775,-75.1117829163569,1,1,2026-01-05 03:50:57
428061,46.3494649434711,-75.1051097437599,1,1,2026-01-05 03:50:57
428062,46.3650529925629,-75.1051396365067,1,1,2026-01-05 03:50:57
428063,46.380640998953,-75.1051695540228,1,1,2026-01-05 03:50:57
428064,46.3962289626427,-75.1051994963337,1,1,2026-01-05 03:50:57
428065,46.4118168836332,-75.105229463465,1,1,2026-01-05 03:50:57
428066,46.4274047619257,-75.1052594554424,1,1,2026-01-05 03:50:57
428067,46.4429925975216,-75.1052894722914,1,1,2026-01-05 00:50:46
428671,46.3416766897979,-75.0985974558297,1,1,2026-01-05 03:50:57
428672,46.3572647633731,-75.0986254888935,1,1,2026-01-05 03:50:57
428673,46.3728527942477,-75.0986535451833,1,1,2026-01-05 03:50:57
428674,46.3884407824229,-75.0986816247231,1,1,2026-01-05 03:50:57
428675,46.4040287279002,-75.0987097275368,1,1,2026-01-05 03:50:57
428676,46.4196166306806,-75.0987378536485,1,1,2026-01-05 00:50:46
428677,46.4352044907655,-75.0987660030821,1,1,2026-01-05 00:50:46
428678,46.4507923081562,-75.0987941758618,1,1,2026-01-05 00:50:46
429282,46.3494761510973,-75.0921131932252,1,1,2026-01-05 03:50:57
429283,46.3650642062551,-75.0921393898241,1,1,2026-01-05 03:50:57
429284,46.3806522187145,-75.0921656081296,1,1,2026-01-05 03:50:57
429285,46.3962401884769,-75.0921918481642,1,1,2026-01-05 03:50:57
429286,46.4118281155436,-75.0922181099502,1,1,2026-01-05 00:50:46
429287,46.4274159999158,-75.0922443935101,1,1,2026-01-05 00:50:46
429288,46.4430038415948,-75.0922706988664,1,1,2026-01-05 00:50:46
429892,46.3416871560362,-75.0856027484818,1,1,2026-01-05 03:50:57
429893,46.357275235276,-75.085627086924,1,1,2026-01-05 03:50:57
429894,46.3728632718183,-75.0856514455311,1,1,2026-01-05 03:50:57
429895,46.3884512656646,-75.085675824324,1,1,2026-01-05 00:50:46
429896,46.404039216816,-75.0857002233234,1,1,2026-01-05 00:50:46
429897,46.4196271252739,-75.0857246425502,1,1,2026-01-05 00:50:46
429898,46.4352149910394,-75.0857490820253,1,1,2026-01-05 00:50:46
429899,46.450802814114,-75.0857735417695,1,1,2026-01-05 00:50:46
430502,46.3338977784901,-75.0790941536437,1,1,2026-01-05 03:50:57
430503,46.3494858816109,-75.0791166354624,1,1,2026-01-05 03:50:57
430504,46.3650739420352,-75.0791391359059,1,1,2026-01-05 03:50:57
430505,46.380661959764,-75.0791616549934,1,1,2026-01-05 00:50:46
430506,46.3962499347989,-75.0791841927442,1,1,2026-01-05 00:50:46
430507,46.411837867141,-75.0792067491774,1,1,2026-01-05 00:50:46
430508,46.4274257567915,-75.0792293243124,1,1,2026-01-05 00:50:46
430509,46.4430136037519,-75.0792519181685,1,1,2026-01-05 00:50:46
431112,46.3261080187594,-75.0725874076919,1,1,2026-01-05 03:50:57
431113,46.3416961455604,-75.0726080344192,1,1,2026-01-05 03:50:57
431114,46.3572842296656,-75.0726286782328,1,1,2026-01-05 00:50:46
431115,46.3728722710761,-75.0726493391503,1,1,2026-01-05 00:50:46
431116,46.3884602697932,-75.0726700171893,1,1,2026-01-05 00:50:46
431117,46.4040482258182,-75.0726907123675,1,1,2026-01-05 00:50:46
431118,46.4196361391524,-75.0727114247025,1,1,2026-01-05 00:50:46
431119,46.4352240097971,-75.072732154212,1,1,2026-01-05 00:50:46
431120,46.4508118377536,-75.0727529009139,1,1,2026-01-05 00:50:46
431723,46.3339060274247,-75.0661012827749,1,1,2026-01-05 03:50:57
431724,46.34949413501,-75.0661200714913,1,1,2026-01-05 00:50:46
431725,46.3650821999013,-75.0661388757731,1,1,2026-01-05 00:50:46
431726,46.3806702220997,-75.0661576956361,1,1,2026-01-05 00:50:46
431727,46.3962582016066,-75.0661765310966,1,1,2026-01-05 00:50:46
431728,46.4118461384232,-75.0661953821707,1,1,2026-01-05 00:50:46
431729,46.4274340325509,-75.0662142488743,1,1,2026-01-05 00:50:46
431730,46.443021883991,-75.0662331312237,1,1,2026-01-05 00:50:46
432333,46.326115527504,-75.0595963795103,1,1,2026-01-05 03:50:57
432334,46.3417036583688,-75.0596133146612,1,1,2026-01-05 00:50:46
432335,46.3572917465401,-75.0596302638404,1,1,2026-01-05 00:50:46
432336,46.372879792019,-75.0596472270624,1,1,2026-01-05 00:50:46
432337,46.3884677948069,-75.0596642043417,1,1,2026-01-05 00:50:46
432338,46.4040557549049,-75.0596811956927,1,1,2026-01-05 00:50:46
432339,46.4196436723145,-75.05969820113,1,1,2026-01-05 00:50:46
432340,46.4352315470368,-75.0597152206681,1,1,2026-01-05 00:50:46
432341,46.4508193790732,-75.0597322543215,1,1,2026-01-05 00:50:46
432943,46.3183246460982,-75.0530933236071,1,1,2026-01-05 03:50:57
432944,46.3339128000422,-75.0531084067229,1,1,2026-01-05 03:50:57
432945,46.3495009112929,-75.0531235023318,1,1,2026-01-05 00:50:46
432946,46.3650889798517,-75.0531386104464,1,1,2026-01-05 00:50:46
432947,46.3806770057197,-75.0531537310797,1,1,2026-01-05 00:50:46
432948,46.3962649888983,-75.0531688642446,1,1,2026-01-05 00:50:46
432949,46.4118529293887,-75.0531840099541,1,1,2026-01-05 00:50:46
432950,46.4274408271923,-75.053199168221,1,1,2026-01-05 00:50:46
432951,46.4430286823102,-75.0532143390583,1,1,2026-01-05 00:50:46
432952,46.4586164947439,-75.0532295224791,1,1,2026-01-05 03:50:57
433553,46.3105333835072,-75.046592114047,1,1,2026-01-05 03:50:57
433554,46.32612156033,-75.0466053466575,1,1,2026-01-05 03:50:57
433555,46.3417096944599,-75.0466185902271,1,1,2026-01-05 00:50:46
433556,46.357297785898,-75.046631844767,1,1,2026-01-05 00:50:46
433557,46.3728858346457,-75.0466451102887,1,1,2026-01-05 00:50:46
433558,46.3884738407041,-75.0466583868034,1,1,2026-01-05 00:50:46
433559,46.4040618040746,-75.0466716743224,1,1,2026-01-05 00:50:46
433560,46.4196497247584,-75.0466849728571,1,1,2026-01-05 00:50:46
433561,46.4352376027569,-75.0466982824189,1,1,2026-01-05 00:50:46
433562,46.4508254380713,-75.0467116030192,1,1,2026-01-05 00:50:46
434164,46.3183299395322,-75.0401041334463,1,1,2026-01-05 03:50:57
434165,46.333918096341,-75.0401155265067,1,1,2026-01-05 03:50:57
434166,46.3495062104582,-75.0401269290036,1,1,2026-01-05 00:50:46
434167,46.3650942818851,-75.0401383409469,1,1,2026-01-05 00:50:46
434168,46.3806823106228,-75.0401497623461,1,1,2026-01-05 00:50:46
434169,46.3962702966727,-75.0401611932111,1,1,2026-01-05 00:50:46
434170,46.4118582400361,-75.0401726335517,1,1,2026-01-05 00:50:46
434171,46.4274461407142,-75.0401840833775,1,1,2026-01-05 00:50:46
434172,46.4430339987083,-75.0401955426985,1,1,2026-01-05 00:50:46
434173,46.4586218140199,-75.0402070115243,1,1,2026-01-05 03:50:57
434774,46.3105379379485,-75.0336047660714,1,1,2026-01-05 03:50:57
434775,46.3261261172362,-75.0336143101516,1,1,2026-01-05 03:50:57
434776,46.3417142538323,-75.0336238621361,1,1,2026-01-05 03:50:57
434777,46.3573023477381,-75.0336334220331,1,1,2026-01-05 00:50:46
434778,46.3728903989548,-75.0336429898507,1,1,2026-01-05 00:50:46
434779,46.3884784074837,-75.033652565597,1,1,2026-01-05 00:50:46
434780,46.404066373326,-75.0336621492803,1,1,2026-01-05 00:50:46
434781,46.4196542964831,-75.0336717409086,1,1,2026-01-05 00:50:46
434782,46.4352421769562,-75.0336813404904,1,1,2026-01-05 00:50:46
434783,46.4508300147466,-75.0336909480336,1,1,2026-01-05 00:50:46
435385,46.3183337574451,-75.0271149401433,1,1,2026-01-05 03:50:57
435386,46.3339219163202,-75.027122643145,1,1,2026-01-05 03:50:57
435387,46.3495100325048,-75.0271303525268,1,1,2026-01-05 00:50:46
435388,46.3650981060003,-75.0271380682953,1,1,2026-01-05 00:50:46
435389,46.3806861368078,-75.0271457904572,1,1,2026-01-05 00:50:46
435390,46.3962741249287,-75.0271535190191,1,1,2026-01-05 00:50:46
435391,46.4118620703642,-75.0271612539875,1,1,2026-01-05 00:50:46
435392,46.4274499731156,-75.027168995369,1,1,2026-01-05 00:50:46
435393,46.4430378331842,-75.0271767431703,1,1,2026-01-05 00:50:46
435394,46.4586256505714,-75.027184497398,1,1,2026-01-05 03:50:57
435995,46.3105410172674,-75.0206174154638,1,1,2026-01-05 03:50:57
435996,46.3261291982216,-75.020623271011,1,1,2026-01-05 03:50:57
435997,46.3417173364852,-75.0206291314078,1,1,2026-01-05 03:50:57
435998,46.3573054320594,-75.020634996659,1,1,2026-01-05 00:50:46
435999,46.3728934849455,-75.0206408667697,1,1,2026-01-05 00:50:46
436000,46.3884814951447,-75.020646741745,1,1,2026-01-05 00:50:46
436001,46.4040694626582,-75.0206526215897,1,1,2026-01-05 00:50:46
436002,46.4196573874875,-75.020658506309,1,1,2026-01-05 00:50:46
436003,46.4352452696337,-75.0206643959079,1,1,2026-01-05 00:50:46
436004,46.4508331090982,-75.0206702903914,1,1,2026-01-05 00:50:46
436606,46.3183360998361,-75.0141257447158,1,1,2026-01-05 03:50:57
436607,46.333924259979,-75.0141297576565,1,1,2026-01-05 03:50:57
436608,46.3495123774321,-75.014133773921,1,1,2026-01-05 00:50:46
436609,46.3651004521967,-75.0141377935127,1,1,2026-01-05 00:50:46
436610,46.3806884842741,-75.0141418164351,1,1,2026-01-05 00:50:46
436611,46.3962764736655,-75.0141458426916,1,1,2026-01-05 00:50:46
436612,46.4118644203723,-75.0141498722856,1,1,2026-01-05 00:50:46
436613,46.4274523243958,-75.0141539052206,1,1,2026-01-05 00:50:46
436614,46.4430401857371,-75.0141579415,1,1,2026-01-05 00:50:46
436615,46.4586280043978,-75.0141619811273,1,1,2026-01-05 03:50:57
437216,46.3105426214633,-75.0076300632413,1,1,2026-01-05 03:50:57
437217,46.3261308032857,-75.0076322302539,1,1,2026-01-05 03:50:57
437218,46.341718942418,-75.0076343990612,1,1,2026-01-05 03:50:57
437219,46.3573070388614,-75.007636569665,1,1,2026-01-05 00:50:46
437220,46.3728950926171,-75.0076387420673,1,1,2026-01-05 00:50:46
437221,46.3884831036864,-75.0076409162697,1,1,2026-01-05 00:50:46
437222,46.4040710720707,-75.0076430922743,1,1,2026-01-05 00:50:46
437223,46.419658997771,-75.0076452700829,1,1,2026-01-05 00:50:46
437224,46.4352468807889,-75.0076474496973,1,1,2026-01-05 00:50:46
437225,46.4508347211256,-75.0076496311194,1,1,2026-01-05 00:50:46
437226,46.4664225187823,-75.007651814351,1,1,2026-01-05 03:50:57
437828,46.3339251273168,-75.00113687106,1,1,2026-01-05 03:50:57
437829,46.3495132452394,-75.0011371942061,1,1,2026-01-05 03:50:57
437830,46.3651013204737,-75.0011375176198,1,1,2026-01-05 00:50:46
437831,46.380689353021,-75.0011378413015,1,1,2026-01-05 00:50:46
437832,46.3962773428827,-75.0011381652515,1,1,2026-01-05 00:50:46
437833,46.41186529006,-75.00113848947,1,1,2026-01-05 00:50:46
437834,46.4274531945542,-75.0011388139573,1,1,2026-01-05 00:50:46
437835,46.4430410563665,-75.0011391387138,1,1,2026-01-05 00:50:46
437836,46.4586288754984,-75.0011394637395,1,1,2026-01-05 03:50:57
438439,46.3417190716303,-74.9946396661158,1,1,2026-01-05 03:50:57
438440,46.3573071681436,-74.9946381420716,1,1,2026-01-05 03:50:57
438441,46.3728952219693,-74.9946366167647,1,1,2026-01-05 00:50:46
438442,46.3884832331087,-74.9946350901938,1,1,2026-01-05 00:50:46
438443,46.4040712015629,-74.9946335623576,1,1,2026-01-05 00:50:46
438444,46.4196591273334,-74.9946320332548,1,1,2026-01-05 00:50:46
438445,46.4352470104214,-74.9946305028841,1,1,2026-01-05 00:50:46
438446,46.4508348508282,-74.9946289712441,1,1,2026-01-05 00:50:46
438447,46.4664226485552,-74.9946274383336,1,1,2026-01-05 03:50:57
439050,46.3495126359266,-74.988140614402,1,1,2026-01-05 03:50:57
439051,46.3651007108311,-74.9881372416376,1,1,2026-01-05 03:50:57
439052,46.3806887430485,-74.9881338660786,1,1,2026-01-05 03:50:57
439053,46.39627673258,-74.9881304877219,1,1,2026-01-05 00:50:46
439054,46.411864679427,-74.9881271065648,1,1,2026-01-05 00:50:46
439055,46.4274525835906,-74.9881237226044,1,1,2026-01-05 00:50:46
439056,46.4430404450723,-74.9881203358377,1,1,2026-01-05 00:50:46
439057,46.4586282638733,-74.9881169462619,1,1,2026-01-05 03:50:57
439660,46.3417177241221,-74.9816449335908,1,1,2026-01-05 03:50:57
439661,46.3573058199061,-74.9816397148991,1,1,2026-01-05 03:50:57
439662,46.3728938730021,-74.9816344918835,1,1,2026-01-05 03:50:57
439663,46.3884818834113,-74.9816292645397,1,1,2026-01-05 03:50:57
439664,46.404069851135,-74.9816240328631,1,1,2026-01-05 03:50:57
439665,46.4196577761745,-74.9816187968494,1,1,2026-01-05 00:50:46
439666,46.4352456585312,-74.9816135564939,1,1,2026-01-05 03:50:57
439667,46.4508334982062,-74.9816083117923,1,1,2026-01-05 03:50:57
439668,46.466421295201,-74.9816030627401,1,1,2026-01-05 03:50:57
440270,46.3339224330295,-74.9751510986186,1,1,2026-01-05 03:50:57
440271,46.3495105494938,-74.9751440355284,1,1,2026-01-05 03:50:57
440272,46.3650986232691,-74.975136966587,1,1,2026-01-05 03:50:57
440273,46.3806866543566,-74.9751298917881,1,1,2026-01-05 03:50:57
440274,46.3962746427576,-74.9751228111258,1,1,2026-01-05 03:50:57
440275,46.4118625884734,-74.9751157245941,1,1,2026-01-05 03:50:57
440276,46.4274504915053,-74.9751086321869,1,1,2026-01-05 03:50:57
440277,46.4430383518545,-74.975101533898,1,1,2026-01-05 03:50:57
440278,46.4586261695224,-74.9750944297216,1,1,2026-01-05 03:50:57
440881,46.3417148998937,-74.9686502025056,1,1,2026-01-05 03:50:57
440882,46.3573029941492,-74.9686412891678,1,1,2026-01-05 03:50:57
440883,46.3728910457157,-74.968632368445,1,1,2026-01-05 03:50:57
440884,46.3884790545947,-74.9686234403298,1,1,2026-01-05 03:50:57
440885,46.4040670207873,-74.9686145048144,1,1,2026-01-05 03:50:57
440886,46.4196549442948,-74.9686055618912,1,1,2026-01-05 03:50:57
440887,46.4352428251185,-74.9685966115525,1,1,2026-01-05 03:50:57
440888,46.4508306632598,-74.9685876537908,1,1,2026-01-05 03:50:57
440889,46.4664184587199,-74.9685786885983,1,1,2026-01-05 03:50:57
441491,46.3339188714049,-74.9621582148111,1,1,2026-01-05 03:50:57
441492,46.3495069859416,-74.9621474586054,1,1,2026-01-05 03:50:57
441493,46.3650950577881,-74.9621366934888,1,1,2026-01-05 03:50:57
441494,46.3806830869458,-74.9621259194521,1,1,2026-01-05 03:50:57
441495,46.3962710734159,-74.9621151364863,1,1,2026-01-05 03:50:57
441496,46.4118590171997,-74.9621043445819,1,1,2026-01-05 03:50:57
441497,46.4274469182985,-74.9620935437299,1,1,2026-01-05 03:50:57
441498,46.4430347767136,-74.9620827339209,1,1,2026-01-05 03:50:57
441499,46.4586225924462,-74.9620719151458,1,1,2026-01-05 03:50:57
441500,46.4742103654978,-74.9620610873952,1,1,2026-01-05 03:50:57
442101,46.3261224643265,-74.9556680714257,1,1,2026-01-05 03:50:57
442102,46.3417105989456,-74.9556554738796,1,1,2026-01-05 03:50:57
442103,46.3572986908733,-74.9556428658982,1,1,2026-01-05 03:50:57
442104,46.3728867401108,-74.9556302474708,1,1,2026-01-05 03:50:57
442105,46.3884747466593,-74.9556176185866,1,1,2026-01-05 03:50:57
442106,46.4040627105202,-74.9556049792348,1,1,2026-01-05 03:50:57
442107,46.4196506316946,-74.9555923294048,1,1,2026-01-05 03:50:57
442108,46.435238510184,-74.9555796690855,1,1,2026-01-05 03:50:57
442109,46.4508263459896,-74.9555669982662,1,1,2026-01-05 03:50:57
442110,46.4664141391127,-74.9555543169361,1,1,2026-01-05 03:50:57
442713,46.3495019452705,-74.9491508846526,1,1,2026-01-05 03:50:57
442714,46.3650900143889,-74.949136423364,1,1,2026-01-05 03:50:57
442715,46.3806780408169,-74.9491219500926,1,1,2026-01-05 03:50:57
442716,46.3962660245557,-74.9491074648262,1,1,2026-01-05 03:50:57
442717,46.4118539656067,-74.9490929675523,1,1,2026-01-05 03:50:57
442718,46.4274418639711,-74.9490784582585,1,1,2026-01-05 03:50:57
442719,46.4430297196503,-74.9490639369325,1,1,2026-01-05 03:50:57
442720,46.4586175326455,-74.9490494035619,1,1,2026-01-05 03:50:57
443324,46.3572929100794,-74.9426444461106,1,1,2026-01-05 03:50:57
443325,46.3728809561881,-74.9426281299821,1,1,2026-01-05 03:50:57
443326,46.3884689596061,-74.9426118003326,1,1,2026-01-05 03:50:57
443327,46.4040569203346,-74.9425954571481,1,1,2026-01-05 03:50:57
443328,46.419644838375,-74.9425791004147,1,1,2026-01-05 03:50:57
443329,46.4352327137285,-74.9425627301184,1,1,2026-01-05 03:50:57
443935,46.3650834930724,-74.9361361572334,1,1,2026-01-05 03:50:57
443936,46.3806715159707,-74.9361179847314,1,1,2026-01-05 03:50:57
443937,46.3962594961779,-74.9360997971685,1,1,2026-01-05 03:50:57
443938,46.4118474336953,-74.9360815945292,1,1,2026-01-05 03:50:57
443939,46.4274353285241,-74.9360633767979,1,1,2026-01-05 03:50:57
444547,46.3884616934362,-74.9296059865902,1,1,2026-01-05 03:50:57
444548,46.4040496502318,-74.9295859395777,1,1,2026-01-05 03:50:57
444549,46.419637564337,-74.9295658759457,1,1,2026-01-05 03:50:57
444550,46.4352254357531,-74.929545795677,1,1,2026-01-05 03:50:57
445158,46.3962514882839,-74.9230921345364,1,1,2026-01-05 03:50:57
445159,46.4118394214669,-74.9230702265369,1,1,2026-01-05 03:50:57
445160,46.4274273119588,-74.9230483003732,1,1,2026-01-05 03:50:57
445769,46.4040409002132,-74.9165764275471,1,1,2026-01-05 03:50:57
445770,46.4196288095822,-74.9165526570222,1,1,2026-01-05 03:50:57
445771,46.4352166762595,-74.9165288667869,1,1,2026-01-05 03:50:57
446380,46.411829928923,-74.9100588645992,1,1,2026-01-05 03:50:57
446381,46.4274178142768,-74.9100332300094,1,1,2026-01-05 03:50:57
458593,46.4584168281798,-74.7797574926106,1,1,2026-01-04 01:48:42
459203,46.4506102612451,-74.7732786559442,1,1,2026-01-04 01:48:42
459204,46.466197937398,-74.7732139495497,1,1,2026-01-04 01:48:42
459205,46.4817855708035,-74.7731491894687,1,1,2026-01-04 01:48:42
459814,46.4583910104803,-74.7667351307695,1,1,2026-01-04 01:48:42
459815,46.4739786581712,-74.7666685387798,1,1,2026-01-04 01:48:42
459816,46.4895662631113,-74.7666018915336,1,1,2026-01-04 01:48:42
460426,46.4817589901961,-74.760121259273,1,1,2026-01-04 01:48:42
461037,46.4895389331694,-74.7535721100008,1,1,2026-01-04 01:48:42
471395,46.1696957789217,-74.644893896771,1,1,2026-01-04 01:48:42
472005,46.1618813312612,-74.6384680059382,1,1,2026-01-04 01:48:42
472616,46.1696548056016,-74.6319399964195,1,1,2026-01-04 01:48:42
511642,45.4505142819254,-74.227413975133,1,1,2026-01-01 00:42:56
512252,45.4426762921991,-74.221127592448,1,1,2026-01-01 00:42:56
512862,45.4348379574117,-74.2148429407703,1,1,2026-01-01 00:42:56
512863,45.4504270723683,-74.2146266616969,1,1,2026-01-01 00:42:56
517744,45.4032970336867,-74.1641685248887,1,1,2026-01-04 01:48:42
518355,45.4110446014363,-74.1576644419062,1,1,2026-01-04 01:48:42
518965,45.403202820418,-74.1513920684493,1,1,2026-01-04 01:48:42
519631,46.2682746744901,-74.1316505296072,1,1,2026-01-04 01:48:42
519632,46.2838611787419,-74.1314042826739,1,1,2026-01-04 01:48:42
519633,46.2994476392958,-74.1311578319362,1,1,2026-01-04 01:48:42
519634,46.3150340561517,-74.1309111771844,1,1,2026-01-04 01:48:42
520241,46.2604319573434,-74.1252865673145,1,1,2026-01-04 01:48:42
520242,46.2760184566876,-74.1250385836857,1,1,2026-01-04 01:48:42
520243,46.2916049123187,-74.1247903948361,1,1,2026-01-04 01:48:42
520244,46.3071913242367,-74.1245420005547,1,1,2026-01-04 01:48:42
520851,46.2525888881035,-74.1189244086041,1,1,2026-01-04 01:48:42
520852,46.2681753823561,-74.1186746897648,1,1,2026-01-04 01:48:42
520853,46.2837618328803,-74.1184247642899,1,1,2026-01-04 01:48:42
520854,46.2993482396764,-74.118174631967,1,1,2026-01-04 01:48:42
520855,46.3149346027442,-74.1179242925834,1,1,2026-01-04 01:48:42
521462,46.2603319560371,-74.1123125998975,1,1,2026-01-04 01:48:42
521463,46.2759184012706,-74.1120609392829,1,1,2026-01-04 01:48:42
521464,46.2915048027607,-74.1118090704056,1,1,2026-01-04 01:48:42
521465,46.3070911605072,-74.1115569930515,1,1,2026-01-04 01:48:42
522072,46.2524881780203,-74.1059523130707,1,1,2026-01-04 01:48:42
522073,46.2680746177795,-74.1056989188009,1,1,2026-01-04 01:48:42
522074,46.2836610137796,-74.1054453148552,1,1,2026-01-04 01:48:42
522075,46.2992473660209,-74.1051915010181,1,1,2026-01-04 01:48:42
522684,46.275816873023,-74.099083364301,1,1,2026-01-04 01:48:42
522685,46.2914032195752,-74.0988278154674,1,1,2026-01-04 01:48:42
523840,45.2625110157481,-74.1025058024856,1,1,2026-01-05 23:09:29
524450,45.2546661888828,-74.0962571456536,1,1,2026-01-05 23:09:29
524451,45.2702553212114,-74.0960097619505,1,1,2026-01-05 23:09:29
525061,45.2624101498119,-74.0897611724847,1,1,2026-01-05 23:09:29
525062,45.2779992328793,-74.0895119435116,1,1,2026-01-05 23:09:29
525100,45.8703519201285,-74.0798883926192,1,1,2026-01-04 01:48:42
525672,45.2701537168559,-74.0832634219206,1,1,2026-01-05 23:09:29
525704,45.7689810511895,-74.0751261629744,1,1,2026-01-01 00:42:56
526283,45.2778968897178,-74.0767638930119,1,1,2026-01-05 23:09:29
526315,45.776722626684,-74.0685667255704,1,1,2026-01-01 00:42:56
526893,45.2700506902056,-74.0705171502404,1,1,2026-01-05 23:09:29
526925,45.7688762268319,-74.0622667911019,1,1,2026-01-01 00:42:56
527504,45.2777931238872,-74.0640159113711,1,1,2026-01-05 23:09:29
527536,45.7766170502451,-74.0557055985331,1,1,2026-01-01 00:42:56
528156,45.9246431463981,-74.0467485394182,1,1,2026-01-04 08:40:50
528766,45.9167956363368,-74.0404353088031,1,1,2026-01-04 08:40:50
528767,45.9323827067006,-74.0401665128119,1,1,2026-01-04 08:40:50
529376,45.9089477809403,-74.03412384576,1,1,2026-01-04 08:40:50
529377,45.9245348438975,-74.0338533559829,1,1,2026-01-04 08:40:50
529987,45.9166866358642,-74.0275419671836,1,1,2026-01-04 08:40:50
529988,45.9322736472733,-74.0272695608517,1,1,2026-01-04 08:40:50
530597,45.9088380828862,-74.0212323454235,1,1,2026-01-04 08:40:50
530598,45.9244250865118,-74.0209582468292,1,1,2026-01-04 08:40:50
530599,45.9400120461596,-74.0206839224183,1,1,2026-01-04 08:40:50
531207,45.9009891852485,-74.0149244897128,1,1,2026-01-04 08:40:50
531208,45.9165761809107,-74.014648700303,1,1,2026-01-04 08:40:50
531209,45.9321631325785,-74.0143726837063,1,1,2026-01-04 08:40:50
531818,45.908726930755,-74.0083409202826,1,1,2026-01-04 08:40:50
531819,45.924313874263,-74.0080632129476,1,1,2026-01-04 08:40:50
531820,45.9399007737596,-74.0077852768241,1,1,2026-01-04 08:40:50
532428,45.90087733633,-74.0020349057783,1,1,2026-01-04 08:40:50
532429,45.9164642714982,-74.0017555091513,1,1,2026-01-04 08:40:50
532430,45.9320511626384,-74.0014758823671,1,1,2026-01-04 08:40:50
532431,45.9476380097502,-74.0011960251913,1,1,2026-01-04 08:40:50
533038,45.8930273979205,-73.9957306558007,1,1,2026-01-04 08:40:50
533039,45.9086143245691,-73.995449571327,1,1,2026-01-04 08:40:50
533040,45.9242012071732,-73.9951682553288,1,1,2026-01-04 08:40:50
533041,45.9397880457321,-73.9948867075705,1,1,2026-01-04 08:40:50
533649,45.9007640337609,-73.9891453984849,1,1,2026-01-04 08:40:50
533650,45.9163509076491,-73.9888623947186,1,1,2026-01-04 08:40:50
533651,45.9319377374754,-73.988579157825,1,1,2026-01-04 08:40:50
534259,45.8929133993583,-73.9828429896357,1,1,2026-01-04 08:40:50
534260,45.9085002643511,-73.9825582995461,1,1,2026-01-04 08:40:50
534261,45.9240870852651,-73.9822733749635,1,1,2026-01-04 08:40:50
534262,45.9396738620996,-73.981988215649,1,1,2026-01-04 08:40:50
534870,45.900649277564,-73.9762559688216,1,1,2026-01-04 08:40:50
534871,45.9162360893863,-73.9759693579951,1,1,2026-01-04 08:40:50
534872,45.9318228571121,-73.9756825110712,1,1,2026-01-04 08:40:50
535472,45.7681019391554,-73.9722532468517,1,1,2026-01-04 01:48:42
535479,45.8772111009083,-73.9702434599616,1,1,2026-01-01 00:42:56
535480,45.8927979475725,-73.9699554015556,1,1,2026-01-04 08:40:50
535481,45.9083847501238,-73.9696671059296,1,1,2026-01-04 08:40:50
535482,45.9239715085615,-73.969378572842,1,1,2026-01-04 08:40:50
535483,45.9395582228851,-73.9690898020511,1,1,2026-01-04 08:40:50
536089,45.8693594374299,-73.9639463371606,1,1,2026-01-01 00:42:56
536091,45.9005330677622,-73.9633666177773,1,1,2026-01-04 08:40:50
536092,45.9161198167327,-73.9630763999707,1,1,2026-01-04 08:40:50
536093,45.9317065215717,-73.9627859430967,1,1,2026-01-04 08:40:50
536702,45.9082677819102,-73.9567759914669,1,1,2026-01-04 08:40:50
536703,45.9238544770856,-73.956483849955,1,1,2026-01-04 08:40:50
537312,45.9004154043788,-73.9504773463411,1,1,2026-01-04 08:40:50
537313,45.9160020897115,-73.9501835216354,1,1,2026-01-04 08:40:50
537923,45.9081493597339,-73.9438849571476,1,1,2026-01-04 08:40:50
542183,45.6973026854712,-73.902905356281,1,1,2026-01-04 01:48:42
542793,45.6894473385512,-73.8966375087755,1,1,2026-01-04 01:48:42
543403,45.6815916533539,-73.8903714019371,1,1,2026-01-04 01:48:42
544014,45.68932259468,-73.8837970906479,1,1,2026-01-04 01:48:42
545219,45.4398007405314,-73.8759421553964,1,1,2026-01-04 01:48:42
545829,45.4319438734665,-73.869705977327,1,1,2026-01-04 01:48:42
546440,45.4396742100496,-73.8631585756476,1,1,2026-01-04 01:48:42
548254,45.1666952177584,-73.8495147417489,1,1,2026-01-05 18:32:12
548255,45.1822833853102,-73.8492007888207,1,1,2026-01-05 18:32:12
548256,45.1978715084192,-73.8488865795667,1,1,2026-01-05 18:32:12
548865,45.1744250260417,-73.8429958036347,1,1,2026-01-05 18:32:12
548866,45.19001313662,-73.8426799869381,1,1,2026-01-05 18:32:12
548867,45.2056012027359,-73.8423639123713,1,1,2026-01-05 18:32:12
549476,45.1821544340562,-73.8364750876659,1,1,2026-01-05 18:32:12
549477,45.1977424874502,-73.8361574057423,1,1,2026-01-05 18:32:12
550087,45.1898834415034,-73.8299525928989,1,1,2026-01-05 18:32:12
550088,45.2054714375023,-73.8296330442888,1,1,2026-01-05 18:32:12
550699,45.2131999864775,-73.8231069016328,1,1,2026-01-05 18:32:12
550717,45.4937752627796,-73.8172762546899,1,1,2026-01-03 08:39:49
551938,45.4936420439688,-73.804480735632,1,1,2026-01-03 08:39:49
552559,45.6572360028005,-73.7945860952357,1,1,2026-01-02 08:44:39
559241,45.134309118449,-73.7357073581681,1,1,2026-01-03 08:39:49
559905,45.9681102673801,-73.7104166481097,1,1,2026-01-04 01:48:42
560486,45.5082558847055,-73.7145599929613,1,1,2026-01-04 10:32:02
561097,45.51597689466,-73.707982496283,1,1,2026-01-04 10:32:02
561703,45.4457651907276,-73.7031927891904,1,1,2026-01-02 08:44:39
561707,45.5081111246029,-73.7017616923772,1,1,2026-01-04 10:32:02
562313,45.4378991579707,-73.6969801619462,1,1,2026-01-02 08:44:39
562924,45.4456193128168,-73.6904086846193,1,1,2026-01-02 09:36:33
564191,46.1623994467516,-73.6605498873901,1,1,2026-01-05 08:51:54
564801,46.154531231578,-73.6542654542879,1,1,2026-01-05 08:51:54
564802,46.170115533347,-73.6538853618492,1,1,2026-01-05 08:51:54
565411,46.1466626798569,-73.6479827951891,1,1,2026-01-05 08:51:54
565412,46.1622469628591,-73.6476010333839,1,1,2026-01-05 08:51:54
565413,46.1778312007342,-73.6472189561601,1,1,2026-01-05 08:51:54
566021,46.138793791872,-73.6417019090893,1,1,2026-01-05 08:51:54
566022,46.1543780559322,-73.6413184793708,1,1,2026-01-05 08:51:54
566023,46.1699622748429,-73.6409347328882,1,1,2026-01-05 08:51:54
566632,46.14650881285,-73.635037698805,1,1,2026-01-05 08:51:54
566633,46.1620930126211,-73.6346522845172,1,1,2026-01-05 08:51:54
566634,46.1776771672184,-73.6342665517954,1,1,2026-01-05 08:51:54
567199,45.4684767437219,-73.6451052228587,1,1,2026-01-05 21:27:57
567203,45.5308209617754,-73.6436088503153,1,1,2026-01-04 01:48:42
567813,45.5229517899221,-73.6373955114287,1,1,2026-01-04 01:48:42
568420,45.4683243056689,-73.6323162880407,1,1,2026-01-05 21:27:57
568424,45.5306681938049,-73.630805801845,1,1,2026-01-04 01:48:42
568430,45.6241826709497,-73.6285307680548,1,1,2026-01-04 12:32:06
568436,45.7176955216284,-73.6262445086286,1,1,2026-01-04 01:48:42
569030,45.4604545337683,-73.6261112027033,1,1,2026-01-05 21:27:57
569034,45.5227983461551,-73.6245942812036,1,1,2026-01-04 01:48:42
569035,45.5383841862846,-73.6242142735339,1,1,2026-01-04 01:48:42
569040,45.6163127090238,-73.6223095557299,1,1,2026-01-04 12:32:06
569041,45.6318982779754,-73.621927674073,1,1,2026-01-04 12:32:06
569046,45.7098254446384,-73.6200135579096,1,1,2026-01-04 01:48:42
569641,45.4681704361809,-73.6195274561212,1,1,2026-01-05 21:27:57
569645,45.5305139913033,-73.6180028566883,1,1,2026-01-04 01:48:42
569650,45.6084424178997,-73.6160900662425,1,1,2026-01-04 12:32:06
569651,45.6240279675569,-73.6157065661739,1,1,2026-01-04 12:32:06
569657,45.7175403156901,-73.6133989452195,1,1,2026-01-04 01:48:42
569658,45.7331255487247,-73.6130132353246,1,1,2026-01-04 15:35:34
570259,45.584986222419,-73.6102570999913,1,1,2026-01-05 21:27:57
570261,45.6161573280467,-73.6094871815446,1,1,2026-01-04 12:32:06
570269,45.7408399404828,-73.6063948409933,1,1,2026-01-04 15:35:34
570862,45.4680151352882,-73.6067387280608,1,1,2026-01-05 21:27:57
570867,45.5459440459121,-73.604814549221,1,1,2026-01-03 08:39:49
570869,45.5771152933486,-73.6040426675863,1,1,2026-01-05 21:27:57
570879,45.7329688142571,-73.6001642070832,1,1,2026-01-04 15:35:34
570880,45.7485539173056,-73.5997746069061,1,1,2026-01-04 15:35:34
571480,45.5848295721199,-73.597441925112,1,1,2026-01-05 21:27:57
571490,45.7406824411596,-73.5935440796835,1,1,2026-01-04 15:35:34
572090,45.5769579669841,-73.5912293172836,1,1,2026-01-05 21:27:57
572701,45.584671484652,-73.5846268563312,1,1,2026-01-05 21:27:57
581870,45.762661766536,-73.4836840120078,1,1,2026-01-04 01:48:42
582456,45.3807498740151,-73.4875422975479,1,1,2026-01-05 16:34:04
582461,45.4586758561209,-73.4854598853938,1,1,2026-01-04 08:40:50
582462,45.474260915436,-73.4850423793598,1,1,2026-01-05 00:50:46
582478,45.7236156463055,-73.4783155353471,1,1,2026-01-03 08:39:49
582481,45.7703683547664,-73.4770443896076,1,1,2026-01-04 01:48:42
583066,45.3728725026136,-73.4813668046034,1,1,2026-01-05 16:34:04
583071,45.4507983697557,-73.4792764661232,1,1,2026-01-04 08:40:50
583072,45.4663834060071,-73.4788573710275,1,1,2026-01-05 00:50:46
583091,45.7624904025806,-73.4708289467588,1,1,2026-01-04 01:48:42
583677,45.3805800508101,-73.4747740415436,1,1,2026-01-05 16:34:04
583681,45.4429205603895,-73.4730947488981,1,1,2026-01-04 08:40:50
583682,45.4585055734084,-73.4726740661227,1,1,2026-01-04 08:40:50
584287,45.3727020120838,-73.4686003579686,1,1,2026-01-05 16:34:04
584288,45.3882871847928,-73.4681794686368,1,1,2026-01-05 16:34:04
584292,45.4506274179154,-73.4664924636856,1,1,2026-01-04 08:40:50
584293,45.4662123617535,-73.466069848809,1,1,2026-01-04 08:40:50
584898,45.3804088008149,-73.4620058998097,1,1,2026-01-05 16:34:04
584902,45.4427489398033,-73.4603125627567,1,1,2026-01-04 08:40:50
584903,45.458333860048,-73.4598883616973,1,1,2026-01-04 08:40:50
585513,45.4504550358303,-73.4537085765155,1,1,2026-01-04 08:40:50
595891,45.4411400158191,-73.3452782084972,1,1,2026-01-04 11:38:40
658763,45.2817150089168,-72.6932646159651,1,1,2026-01-03 08:39:49
659373,45.2737969541707,-72.6872111639448,1,1,2026-01-03 08:39:49
659374,45.2893752525619,-72.6865778016399,1,1,2026-01-03 08:39:49
659984,45.2814568552338,-72.6805245220131,1,1,2026-01-03 08:39:49
659985,45.2970350589779,-72.6798891599451,1,1,2026-01-03 08:39:49
660595,45.2891163189888,-72.6738360532709,1,1,2026-01-03 08:39:49
661205,45.2811972816292,-72.6677846009272,1,1,2026-01-03 08:39:49
661206,45.2967753451255,-72.6671457567726,1,1,2026-01-03 08:39:49
661816,45.2888559651367,-72.6610944783273,1,1,2026-01-03 08:39:49
662427,45.2965142106368,-72.6544025275855,1,1,2026-01-03 08:39:49
681959,45.2298403399492,-72.4533239280493,1,1,2026-01-05 09:42:35
682569,45.221910347758,-72.4473095967291,1,1,2026-01-05 09:42:35
682570,45.2374860119053,-72.446611841128,1,1,2026-01-05 09:42:35
682571,45.2530616249442,-72.44591351593,1,1,2026-01-05 09:42:35
683180,45.22955567833,-72.4405976995787,1,1,2026-01-05 09:42:35
683181,45.2451312399409,-72.4398979241103,1,1,2026-01-02 09:36:33
683182,45.2607067503973,-72.4391975773478,1,1,2026-01-05 09:42:35
683790,45.2216250548732,-72.4345851973189,1,1,2026-01-05 09:42:35
683791,45.2372005649048,-72.4338839728973,1,1,2026-01-02 09:36:33
683792,45.2527760237444,-72.4331821760546,1,1,2026-01-05 09:42:35
684401,45.2292696000988,-72.4278716613493,1,1,2026-01-05 09:42:35
684402,45.2448450071704,-72.4271684157438,1,1,2026-01-02 09:36:33
685012,45.2369137009385,-72.4211562954735,1,1,2026-01-05 09:42:35
693575,45.4840469154285,-72.3203231596132,1,1,2026-01-02 06:30:06
694186,45.4916833505232,-72.3135617610628,1,1,2026-01-02 06:30:06
739559,48.5295695100403,-71.6553787195057,1,1,2026-01-03 09:32:54
740169,48.5215949352438,-71.6491315982723,1,1,2026-01-03 10:31:59
740780,48.5291754392907,-71.6418571306567,1,1,2026-01-03 09:32:54
742505,46.8716401766378,-71.7270759314912,1,1,2026-01-01 00:42:56
743115,46.863671948005,-71.7209999992761,1,1,2026-01-01 00:42:56
748508,45.2823101209255,-71.7560569893184,1,1,2026-01-05 14:31:44
749118,45.2743460120732,-71.7501367121105,1,1,2026-01-05 14:31:44
749119,45.2899119120353,-71.7492469475301,1,1,2026-01-05 14:31:44
749727,45.2508157464007,-71.7451084574161,1,1,2026-01-05 14:31:44
749728,45.2663816329294,-71.7442180481948,1,1,2026-01-05 14:31:44
749729,45.2819474631081,-71.7433269123141,1,1,2026-01-05 14:31:44
749730,45.2975132369224,-71.7424350490482,1,1,2026-01-05 14:31:44
749732,45.3286446153996,-71.7406491374523,1,1,2026-01-03 09:32:54
750337,45.2428511671007,-71.7391927748215,1,1,2026-01-05 14:31:44
750338,45.2584169837508,-71.7383009966323,1,1,2026-01-05 14:31:44
750339,45.2739827440052,-71.7374084907391,1,1,2026-01-05 14:31:44
750340,45.2895484478493,-71.7365152564151,1,1,2026-01-05 14:31:44
750341,45.3051140952684,-71.7356212929326,1,1,2026-01-05 14:31:44
750343,45.3362452207737,-71.7338311755759,1,1,2026-01-03 09:32:54
750947,45.2348863181632,-71.7332787023563,1,1,2026-01-05 14:31:44
750948,45.2504520647939,-71.7323855564847,1,1,2026-01-05 14:31:44
750949,45.2660177549831,-71.7314916818657,1,1,2026-01-05 14:31:44
750950,45.2815833887159,-71.7305970777715,1,1,2026-01-05 14:31:44
750951,45.2971489659779,-71.7297017434736,1,1,2026-01-05 14:31:44
750952,45.3127144867544,-71.7288056782424,1,1,2026-01-05 14:31:44
750953,45.3282799510308,-71.7279088813471,1,1,2026-01-03 09:32:54
751557,45.2269211998445,-71.7273662390836,1,1,2026-01-05 14:31:44
751558,45.2424868763151,-71.7264717268142,1,1,2026-01-05 14:31:44
751559,45.2580524962982,-71.7255764847551,1,1,2026-01-05 14:31:44
751560,45.273618059779,-71.7246805121778,1,1,2026-01-05 14:31:44
751561,45.289183566743,-71.7237838083529,1,1,2026-01-05 14:31:44
751562,45.3047490171754,-71.7228863725496,1,1,2026-01-05 14:31:44
752166,45.2033901497123,-71.7223505313481,1,1,2026-01-05 14:31:44
752167,45.2189558124008,-71.721455384067,1,1,2026-01-05 14:31:44
752168,45.2345214185706,-71.7205595066834,1,1,2026-01-05 14:31:44
752169,45.2500869682069,-71.7196628984692,1,1,2026-01-05 14:31:44
752170,45.2656524612951,-71.7187655586949,1,1,2026-01-05 14:31:44
752171,45.2812178978203,-71.7178674866301,1,1,2026-01-05 14:31:44
752172,45.2967832777678,-71.7169686815435,1,1,2026-01-05 14:31:44
752173,45.3123486011229,-71.7160691427025,1,1,2026-01-05 14:31:44
752776,45.1954245637949,-71.7164426464442,1,1,2026-01-05 14:31:44
752777,45.2109901560881,-71.7155461363705,1,1,2026-01-05 14:31:44
752778,45.2265556918166,-71.7146488951556,1,1,2026-01-05 14:31:44
752779,45.2421211709656,-71.7137509220701,1,1,2026-01-05 14:31:44
752780,45.2576865935205,-71.712852216384,1,1,2026-01-05 14:31:44
752781,45.2732519594662,-71.7119527773658,1,1,2026-01-05 14:31:44
752782,45.2888172687881,-71.7110526042834,1,1,2026-01-05 14:31:44
752783,45.3043825214714,-71.7101516964033,1,1,2026-01-05 14:31:44
752784,45.3199477175013,-71.7092500529912,1,1,2026-01-05 14:31:44
753386,45.1874587094046,-71.7105363666445,1,1,2026-01-05 14:31:44
753387,45.2030242311621,-71.7096384950589,1,1,2026-01-05 14:31:44
753388,45.218589696309,-71.7087398912943,1,1,2026-01-05 14:31:44
753389,45.2341551048303,-71.7078405546207,1,1,2026-01-05 14:31:44
753390,45.2497204567113,-71.706940484307,1,1,2026-01-05 14:31:44
753391,45.2652857519372,-71.7060396796209,1,1,2026-01-05 14:31:44
753392,45.280850990493,-71.7051381398293,1,1,2026-01-05 14:31:44
753393,45.2964161723639,-71.7042358641981,1,1,2026-01-05 14:31:44
753394,45.311981297535,-71.7033328519918,1,1,2026-01-05 14:31:44
753395,45.3275463659914,-71.7024291024744,1,1,2026-01-05 14:31:44
753996,45.1794925867972,-71.7046316910151,1,1,2026-01-05 14:31:44
753997,45.1950580378788,-71.7037324591972,1,1,2026-01-05 14:31:44
753998,45.2106234323037,-71.702832494164,1,1,2026-01-05 14:31:44
753999,45.2261887700571,-71.7019317951843,1,1,2026-01-05 14:31:44
754000,45.2417540511239,-71.7010303615263,1,1,2026-01-05 14:31:44
754001,45.2573192754894,-71.7001281924568,1,1,2026-01-05 14:31:44
754002,45.2728844431386,-71.6992252872419,1,1,2026-01-05 14:31:44
754003,45.2884495540566,-71.6983216451464,1,1,2026-01-05 14:31:44
754004,45.3040146082285,-71.6974172654342,1,1,2026-01-05 14:31:44
754005,45.3195796056393,-71.6965121473682,1,1,2026-01-05 14:31:44
754006,45.335144546274,-71.6956062902102,1,1,2026-01-05 14:31:44
754606,45.1715261962281,-71.6987286186226,1,1,2026-01-05 14:31:44
754607,45.1870915764937,-71.6978280278513,1,1,2026-01-05 14:31:44
754608,45.2026569000566,-71.6969267028293,1,1,2026-01-05 14:31:44
754609,45.2182221669017,-71.6960246428247,1,1,2026-01-05 14:31:44
754610,45.2337873770142,-71.6951218471047,1,1,2026-01-05 14:31:44
754611,45.249352530379,-71.6942183149355,1,1,2026-01-05 14:31:44
754612,45.2649176269813,-71.693314045582,1,1,2026-01-05 14:31:44
754613,45.280482666806,-71.6924090383084,1,1,2026-01-05 14:31:44
754614,45.2960476498382,-71.6915032923776,1,1,2026-01-05 14:31:44
754615,45.3116125760629,-71.6905968070515,1,1,2026-01-05 14:31:44
754616,45.327177445465,-71.6896895815912,1,1,2026-01-05 14:31:44
755217,45.1791248472624,-71.6919252000872,1,1,2026-01-05 14:31:44
755218,45.1946900998231,-71.6910225163554,1,1,2026-01-05 14:31:44
755219,45.21025529562,-71.6901190966062,1,1,2026-01-05 14:31:44
755220,45.2258204346379,-71.6892149401058,1,1,2026-01-05 14:31:44
755221,45.241385516862,-71.6883100461195,1,1,2026-01-05 14:31:44
755222,45.2569505422771,-71.6874044139114,1,1,2026-01-05 14:31:44
755223,45.2725155108684,-71.6864980427447,1,1,2026-01-05 14:31:44
755224,45.2880804226206,-71.6855909318816,1,1,2026-01-05 14:31:44
755225,45.3036452775188,-71.6846830805831,1,1,2026-01-05 14:31:44
755226,45.3192100755479,-71.6837744881092,1,1,2026-01-05 14:31:44
755227,45.3347748166929,-71.682865153719,1,1,2026-01-05 14:31:44
755828,45.1867230318589,-71.6851199338083,1,1,2026-01-05 14:31:44
755829,45.2022881564675,-71.6842151555938,1,1,2026-01-05 14:31:44
755830,45.217853224251,-71.6833096395935,1,1,2026-01-05 14:31:44
755831,45.2334182351942,-71.6824033850718,1,1,2026-01-05 14:31:44
755832,45.2489831892821,-71.681496391292,1,1,2026-01-05 14:31:44
755833,45.2645480864997,-71.6805886575165,1,1,2026-01-05 14:31:44
755834,45.2801129268317,-71.6796801830065,1,1,2026-01-05 14:31:44
755835,45.2956777102632,-71.6787709670221,1,1,2026-01-05 14:31:44
755836,45.311242436779,-71.6778610088226,1,1,2026-01-05 14:31:44
755837,45.3268071063641,-71.6769503076661,1,1,2026-01-05 14:31:44
756439,45.1943207496998,-71.6783128188527,1,1,2026-01-05 14:31:44
756440,45.2098857461089,-71.6774059446321,1,1,2026-01-05 14:31:44
756441,45.2254506856313,-71.6764983308559,1,1,2026-01-05 14:31:44
756442,45.2410155682521,-71.6755899767866,1,1,2026-01-05 14:31:44
756443,45.2565803939559,-71.6746808816855,1,1,2026-01-05 14:31:44
756444,45.2721451627278,-71.673771044813,1,1,2026-01-05 14:31:44
756445,45.2877098745525,-71.6728604654285,1,1,2026-01-05 14:31:44
756446,45.3032745294148,-71.6719491427903,1,1,2026-01-05 14:31:44
756447,45.3188391272997,-71.6710370761556,1,1,2026-01-05 14:31:44
756448,45.3344036681919,-71.6701242647806,1,1,2026-01-05 14:31:44
757050,45.2019180004672,-71.6715038542868,1,1,2026-01-05 14:31:44
757051,45.2174828684291,-71.670594882536,1,1,2026-01-05 14:31:44
757052,45.2330476794428,-71.6696851694582,1,1,2026-01-05 14:31:44
757053,45.248612433493,-71.6687747143138,1,1,2026-01-05 14:31:44
757054,45.2641771305647,-71.6678635163625,1,1,2026-01-05 14:31:44
757055,45.2797417706426,-71.6669515748626,1,1,2026-01-05 14:31:44
757056,45.2953063537115,-71.6660388890717,1,1,2026-01-05 14:31:44
757057,45.3108708797562,-71.665125458246,1,1,2026-01-05 14:31:44
757058,45.3264353487613,-71.664211281641,1,1,2026-01-05 14:31:44
757661,45.2095147838429,-71.6646930391766,1,1,2026-01-05 14:31:44
757662,45.2250795231098,-71.6637819683704,1,1,2026-01-05 14:31:44
757663,45.2406442053667,-71.6628701544642,1,1,2026-01-05 14:31:44
757664,45.2562088305984,-71.6619575967166,1,1,2026-01-05 14:31:44
757665,45.2717733987896,-71.6610442943853,1,1,2026-01-05 14:31:44
757666,45.2873379099251,-71.6601302467267,1,1,2026-01-05 14:31:44
757667,45.3029023639895,-71.6592154529963,1,1,2026-01-05 14:31:44
757668,45.3184667609677,-71.6582999124487,1,1,2026-01-05 14:31:44
758271,45.2015464321281,-71.6587927998427,1,1,2026-01-05 14:31:44
758272,45.2171110995086,-71.6578803725875,1,1,2026-01-05 14:31:44
758273,45.2326757098325,-71.6569672012,1,1,2026-01-05 14:31:44
758274,45.2482402630845,-71.6560532849378,1,1,2026-01-05 14:31:44
758275,45.2638047592493,-71.6551386230579,1,1,2026-01-05 14:31:44
758276,45.2793691983116,-71.6542232148157,1,1,2026-01-05 14:31:44
758277,45.294933580256,-71.6533070594661,1,1,2026-01-05 14:31:44
758278,45.3104979050672,-71.6523901562625,1,1,2026-01-05 14:31:44
758882,45.2091424088947,-71.6519803811742,1,1,2026-01-05 14:31:44
758883,45.224706947146,-71.6510658535848,1,1,2026-01-05 14:31:44
758884,45.2402714282787,-71.6501505800889,1,1,2026-01-05 14:31:44
758885,45.2558358522775,-71.6492345599423,1,1,2026-01-05 14:31:44
758886,45.2714002191269,-71.6483177923999,1,1,2026-01-05 14:31:44
758887,45.2869645288115,-71.6474002767154,1,1,2026-01-05 14:31:44
758888,45.3025287813159,-71.6464820121414,1,1,2026-01-05 14:31:44
758889,45.3180929766249,-71.6455629979298,1,1,2026-01-05 14:31:44
759493,45.2167379175624,-71.6451661106831,1,1,2026-01-05 14:31:44
759494,45.2323023264364,-71.6442494812333,1,1,2026-01-05 14:31:44
759495,45.2478666781296,-71.6433321041011,1,1,2026-01-05 14:31:44
759496,45.2634309726265,-71.6424139785406,1,1,2026-01-05 14:31:44
759497,45.2789952099118,-71.6414951038047,1,1,2026-01-05 14:31:44
759498,45.2945593899699,-71.6405754791451,1,1,2026-01-05 14:31:44
760105,45.2398972370612,-71.6374312545972,1,1,2026-01-05 14:31:44
760106,45.2554614590662,-71.6365117723,1,1,2026-01-05 14:31:44
760107,45.2710256238126,-71.6355915397952,1,1,2026-01-05 14:31:44
760108,45.2865897312848,-71.6346705563338,1,1,2026-01-05 14:31:44
760716,45.2474916787014,-71.6306111727405,1,1,2026-01-05 14:31:44
760717,45.2630557707696,-71.6296895837485,1,1,2026-01-05 14:31:44
760718,45.2786198055165,-71.6287672427681,1,1,2026-01-05 14:31:44
761328,45.2706496129205,-71.6228655375093,1,1,2026-01-05 14:31:44
761431,46.8734274437312,-71.5235453727453,1,1,2026-01-04 01:48:42
762042,46.8810070319614,-71.516492243821,1,1,2026-01-04 01:48:42
762652,46.8730284308599,-71.5104471852282,1,1,2026-01-04 01:48:42
763263,46.8806071629752,-71.5033923103123,1,1,2026-01-04 01:48:42
763873,46.8726279219166,-71.4973492778298,1,1,2026-01-04 01:48:42
768093,46.0388436441692,-71.5052337409492,1,1,2026-01-05 14:31:44
768649,45.1905496007977,-71.5512295428752,1,1,2026-01-03 13:44:56
768703,46.0308660955257,-71.4992759215441,1,1,2026-01-05 14:31:44
768704,46.0464259014094,-71.4982919444947,1,1,2026-01-05 14:31:44
769259,45.1825758879299,-71.5453473197426,1,1,2026-01-03 13:44:56
769314,46.0384480041791,-71.4923343951167,1,1,2026-01-05 14:31:44
769924,46.0304698359082,-71.4863785139839,1,1,2026-01-05 14:31:44
769925,46.0460294278146,-71.4853909299246,1,1,2026-01-05 14:31:44
770480,45.1821904083147,-71.5326422354807,1,1,2026-01-03 13:44:56
770535,46.0380509110064,-71.4794353198036,1,1,2026-01-05 14:31:44
771145,46.0300721235384,-71.4734813772974,1,1,2026-01-05 14:31:44
771146,46.0456315006862,-71.4724901865043,1,1,2026-01-05 14:31:44
771755,46.0220930656708,-71.4675291014217,1,1,2026-01-05 14:31:44
771756,46.0376523647307,-71.4665365159946,1,1,2026-01-05 14:31:44
771757,46.0532116046174,-71.4655431131013,1,1,2026-01-05 14:31:44
772366,46.029672958496,-71.4605845124689,1,1,2026-01-05 14:31:44
772367,46.0452321201039,-71.459589715219,1,1,2026-01-05 14:31:44
772976,46.0216932822423,-71.4546341749431,1,1,2026-01-05 14:31:44
772977,46.0372523654316,-71.4536379846742,1,1,2026-01-05 14:31:44
772978,46.0528113893278,-71.452640973986,1,1,2026-01-05 14:31:44
773587,46.0292723408609,-71.4476879204823,1,1,2026-01-05 14:31:44
773588,46.0448312861476,-71.4466895170535,1,1,2026-01-05 14:31:44
774198,46.0368509131894,-71.4407397268269,1,1,2026-01-05 14:31:44
774199,46.0524097203135,-71.4397391086224,1,1,2026-01-05 14:31:44
780449,48.3056026778073,-71.2181908985989,1,1,2026-01-04 01:48:42
780878,45.4822833339606,-71.4054927057379,1,1,2026-01-04 01:48:42
780879,45.4978430567682,-71.4045015423642,1,1,2026-01-04 01:48:42
781059,48.2976065993982,-71.2120389858004,1,1,2026-01-04 01:48:42
781489,45.4898617777781,-71.3986111439612,1,1,2026-01-04 01:48:42
781490,45.5054213621451,-71.3976178231591,1,1,2026-01-04 01:48:42
781491,45.5209808869819,-71.3966236896961,1,1,2026-01-04 01:48:42
781492,45.5365403522705,-71.3956287427556,1,1,2026-01-04 01:48:42
781670,48.3051587996691,-71.2047349943816,1,1,2026-01-04 01:48:42
782100,45.497439741612,-71.3917276955071,1,1,2026-01-04 01:48:42
782101,45.512999187283,-71.3907322157158,1,1,2026-01-04 01:48:42
782102,45.5285585733555,-71.389735921429,1,1,2026-01-04 01:48:42
782103,45.5441178998114,-71.3887388118283,1,1,2026-01-04 01:48:42
782280,48.2971620563145,-71.1985852788928,1,1,2026-01-04 01:48:42
782710,45.4894578587695,-71.3858391842562,1,1,2026-01-04 01:48:42
782711,45.5050172251382,-71.384842359426,1,1,2026-01-04 01:48:42
782712,45.5205765318577,-71.3838447190835,1,1,2026-01-04 01:48:42
782713,45.5361357789102,-71.3828462624095,1,1,2026-01-04 01:48:42
782891,48.304713350356,-71.1912794169494,1,1,2026-01-04 01:48:42
783321,45.4970350008022,-71.3789541198761,1,1,2026-01-04 01:48:42
783322,45.5125942280324,-71.3779551347677,1,1,2026-01-04 01:48:42
783323,45.5281533955448,-71.3769553323112,1,1,2026-01-04 01:48:42
783501,48.2967159425275,-71.1851318991657,1,1,2026-01-04 01:48:42
783932,45.5046116621344,-71.3720671675303,1,1,2026-01-04 01:48:42
783933,45.5201707499703,-71.3710660205815,1,1,2026-01-04 01:48:42
783934,45.5357297780196,-71.3700640544474,1,1,2026-01-04 01:48:42
784112,48.304266329963,-71.1778241674468,1,1,2026-01-04 01:48:42
784542,45.4966288344187,-71.366180816421,1,1,2026-01-04 01:48:42
784543,45.5121878424418,-71.3651783262688,1,1,2026-01-04 01:48:42
784544,45.5277467906274,-71.3641750159165,1,1,2026-01-04 01:48:42
784722,48.2962682581324,-71.1716788477627,1,1,2026-01-04 01:48:42
785153,45.5042046732139,-71.3592922484222,1,1,2026-01-04 01:48:42
785154,45.5197635413997,-71.3582875951411,1,1,2026-01-04 01:48:42
785155,45.535322349679,-71.3572821198214,1,1,2026-01-04 01:48:42
785239,46.8420464776195,-71.2698004119838,1,1,2026-01-03 09:32:54
785764,45.5117800305913,-71.3524017911699,1,1,2026-01-04 01:48:42
785765,45.5273387586837,-71.3513949731965,1,1,2026-01-04 01:48:42
785850,46.8496095260713,-71.2627168535959,1,1,2026-01-03 09:32:54
786374,45.503796258457,-71.346517603052,1,1,2026-01-04 01:48:42
786375,45.5193549062263,-71.3455094437136,1,1,2026-01-04 01:48:42
786376,45.5349134939688,-71.3445004594836,1,1,2026-01-04 01:48:42
786460,46.8416186534152,-71.2567135188376,1,1,2026-01-03 09:32:54
786985,45.5113707925616,-71.3396255304215,1,1,2026-01-04 01:48:42
786986,45.5269292997941,-71.3386152051026,1,1,2026-01-04 01:48:42
787595,45.5033864179441,-71.3337432323696,1,1,2026-01-04 01:48:42
787596,45.5189448445307,-71.3327315672498,1,1,2026-01-04 01:48:42
787597,45.5345032109698,-71.3317190743859,1,1,2026-01-04 01:48:42
788206,45.5109601284333,-71.3268495449741,1,1,2026-01-04 01:48:42
788207,45.5265184140395,-71.3258357125864,1,1,2026-01-04 01:48:42
788817,45.5185333563939,-71.3199539667007,1,1,2026-01-04 01:48:42
788818,45.534091500763,-71.3189379654802,1,1,2026-01-04 01:48:42
789427,45.5105480382875,-71.3140738357781,1,1,2026-01-04 01:48:42
789428,45.5261061015011,-71.313056496599,1,1,2026-01-04 01:48:42
790038,45.5181204418971,-71.307176643017,1,1,2026-01-04 01:48:42
790649,45.5256923622601,-71.3002775580915,1,1,2026-01-04 01:48:42
790832,48.3717391452521,-71.0984837449543,1,1,2026-01-02 08:44:39
791259,45.5177061011218,-71.2943995971493,1,1,2026-01-04 01:48:42
791443,48.3792833040379,-71.0911521020018,1,1,2026-01-02 08:44:39
791870,45.5252771963984,-71.2874988980151,1,1,2026-01-04 01:48:42
792053,48.3712807970835,-71.0850123225982,1,1,2026-01-02 08:44:39
796790,46.0836030984869,-71.1984330798499,1,1,2026-01-05 00:50:46
796791,46.0991575382971,-71.1973626942931,1,1,2026-01-05 00:50:46
796792,46.1147119162971,-71.1962914267764,1,1,2026-01-05 00:50:46
797400,46.0756108048189,-71.1925161338944,1,1,2026-01-05 00:50:46
797401,46.0911651594335,-71.1914443835752,1,1,2026-01-05 00:50:46
797402,46.1067194521834,-71.190371750267,1,1,2026-01-05 00:50:46
797403,46.1222736830482,-71.1892982330693,1,1,2026-01-05 00:50:46
798010,46.0676182484426,-71.1866008455534,1,1,2026-01-05 00:50:46
798011,46.083172517726,-71.1855277317994,1,1,2026-01-05 00:50:46
798012,46.0987267250901,-71.1844537340288,1,1,2026-01-05 00:50:46
798013,46.1142808705144,-71.18337885134,1,1,2026-01-05 00:50:46
798620,46.0596254296156,-71.1806872138425,1,1,2026-01-05 00:50:46
798621,46.0751796134323,-71.1796127379805,1,1,2026-01-05 00:50:46
798622,46.090733735275,-71.1785373770754,1,1,2026-01-05 00:50:46
798623,46.1062877951232,-71.1774611302249,1,1,2026-01-05 00:50:46
798624,46.1218417929566,-71.1763839965253,1,1,2026-01-05 00:50:46
799230,46.0516323485954,-71.174775237778,1,1,2026-01-05 00:50:46
799231,46.06718644681,-71.1736994011337,1,1,2026-01-05 00:50:46
799232,46.0827404829958,-71.1726226784211,1,1,2026-01-05 00:50:46
799233,46.0982944571324,-71.1715450687372,1,1,2026-01-05 00:50:46
799234,46.1138483691994,-71.1704665711773,1,1,2026-01-05 00:50:46
799235,46.1294022191763,-71.1693871848357,1,1,2026-01-05 00:50:46
799840,46.0436390056395,-71.1688649163768,1,1,2026-01-05 00:50:46
799841,46.0591930181165,-71.1677877202748,1,1,2026-01-05 00:50:46
799842,46.0747469685101,-71.1667096370808,1,1,2026-01-05 00:50:46
799843,46.0903008567997,-71.1656306658907,1,1,2026-01-05 00:50:46
799844,46.1058546829648,-71.1645508057991,1,1,2026-01-05 00:50:46
799845,46.121408446985,-71.1634700558993,1,1,2026-01-05 00:50:46
800451,46.0511993276092,-71.1618776944204,1,1,2026-01-05 00:50:46
800452,46.0667531920754,-71.1607982520699,1,1,2026-01-05 00:50:46
800453,46.0823069943827,-71.1597179206999,1,1,2026-01-05 00:50:46
800454,46.0978607345107,-71.1586366994041,1,1,2026-01-05 00:50:46
800455,46.1134144124387,-71.1575545872751,1,1,2026-01-05 00:50:46
800456,46.1289680281462,-71.156471583404,1,1,2026-01-05 00:50:46
801061,46.0432053755454,-71.1559693225873,1,1,2026-01-05 00:50:46
801062,46.058759153949,-71.1548885224044,1,1,2026-01-05 00:50:46
801063,46.0743128701389,-71.1538068321798,1,1,2026-01-05 00:50:46
801064,46.0898665240945,-71.1527242510064,1,1,2026-01-05 00:50:46
801065,46.1054201157951,-71.1516407779759,1,1,2026-01-05 00:50:46
801066,46.1209736452202,-71.1505564121787,1,1,2026-01-05 00:50:46
801671,46.035211162182,-71.1500626037931,1,1,2026-01-05 00:50:46
801672,46.050764854388,-71.1489804471009,1,1,2026-01-05 00:50:46
801673,46.0663184843255,-71.147897399346,1,1,2026-01-05 00:50:46
801674,46.0818720519737,-71.1468134596206,1,1,2026-01-05 00:50:46
801675,46.0974255573119,-71.1457286270155,1,1,2026-01-05 00:50:46
801676,46.1129790003194,-71.1446429006202,1,1,2026-01-05 00:50:46
801677,46.1285323809755,-71.143556279523,1,1,2026-01-05 00:50:46
802281,46.027216687776,-71.144157537056,1,1,2026-01-05 00:50:46
802282,46.0427702936497,-71.1430740251764,1,1,2026-01-05 00:50:46
802283,46.0583238371997,-71.1419896212145,1,1,2026-01-05 00:50:46
802284,46.0738773184056,-71.1409043242617,1,1,2026-01-05 00:50:46
802285,46.0894307372463,-71.1398181334078,1,1,2026-01-05 00:50:46
802286,46.1049840937012,-71.1387310477416,1,1,2026-01-05 00:50:46
802287,46.1205373877495,-71.1376430663505,1,1,2026-01-05 00:50:46
802288,46.1360906193703,-71.1365541883206,1,1,2026-01-05 00:50:46
802891,46.0192219525843,-71.1382541213947,1,1,2026-01-05 00:50:46
802892,46.0347754719908,-71.1371692556488,1,1,2026-01-05 00:50:46
802893,46.0503289290187,-71.1360834968022,1,1,2026-01-05 00:50:46
802894,46.0658823236473,-71.1349968439455,1,1,2026-01-05 00:50:46
802895,46.0814356558558,-71.1339092961678,1,1,2026-01-05 00:50:46
802896,46.0969889256232,-71.1328208525568,1,1,2026-01-05 00:50:46
802897,46.1125421329287,-71.1317315121992,1,1,2026-01-05 00:50:46
802898,46.1280952777515,-71.1306412741802,1,1,2026-01-05 00:50:46
803501,46.0112269568636,-71.1323523558283,1,1,2026-01-05 00:50:46
803502,46.0267803896682,-71.1312661375361,1,1,2026-01-05 00:50:46
803503,46.0423337600394,-71.1301790251263,1,1,2026-01-05 00:50:46
803504,46.0578870679561,-71.1290910176883,1,1,2026-01-05 00:50:46
803505,46.0734403133974,-71.1280021143105,1,1,2026-01-05 00:50:46
803506,46.0889934963425,-71.1269123140799,1,1,2026-01-05 00:50:46
803507,46.1045466167705,-71.1258216160823,1,1,2026-01-05 00:50:46
803508,46.1200996746603,-71.124730019402,1,1,2026-01-05 00:50:46
803509,46.1356526699911,-71.1236375231221,1,1,2026-01-05 00:50:46
804112,46.0187850469387,-71.1253646698574,1,1,2026-01-05 00:50:46
804113,46.0343383305185,-71.1242762052045,1,1,2026-01-05 00:50:46
804114,46.0498915515886,-71.1231868445069,1,1,2026-01-05 00:50:46
804115,46.0654447101283,-71.122096586852,1,1,2026-01-05 00:50:46
804116,46.0809978061164,-71.1210054313259,1,1,2026-01-05 00:50:46
804117,46.0965508395321,-71.1199133770137,1,1,2026-01-05 00:50:46
804118,46.1121038103542,-71.1188204229987,1,1,2026-01-05 00:50:46
804119,46.1276567185619,-71.1177265683633,1,1,2026-01-05 00:50:46
804120,46.143209564134,-71.1166318121884,1,1,2026-01-05 00:50:46
804261,48.3355233623671,-70.9527835147287,1,1,2026-01-05 10:38:44
804722,46.0107894440588,-71.1194648516319,1,1,2026-01-05 00:50:46
804723,46.0263426407127,-71.1183750360554,1,1,2026-01-05 00:50:46
804724,46.0418957748019,-71.1172843234188,1,1,2026-01-05 00:50:46
804725,46.0574488463053,-71.1161927128086,1,1,2026-01-05 00:50:46
804726,46.0730018552019,-71.1151002033102,1,1,2026-01-05 00:50:46
804727,46.0885548014707,-71.1140067940077,1,1,2026-01-05 00:50:46
804728,46.1041076850906,-71.1129124839838,1,1,2026-01-05 00:50:46
804729,46.1196605060404,-71.1118172723199,1,1,2026-01-05 00:50:46
804730,46.1352132642991,-71.1107211580961,1,1,2026-01-05 00:50:46
804871,48.3275141632864,-70.9466707452852,1,1,2026-01-05 10:38:44
805332,46.0027935812848,-71.1135666818797,1,1,2026-01-05 00:50:46
805333,46.0183466908786,-71.1124755166979,1,1,2026-01-05 00:50:46
805334,46.0338997378524,-71.1113834534419,1,1,2026-01-05 00:50:46
805335,46.0494527221852,-71.1102904911973,1,1,2026-01-05 00:50:46
805336,46.0650056438559,-71.1091966290488,1,1,2026-01-05 00:50:46
805337,46.0805585028433,-71.1081018660795,1,1,2026-01-05 00:50:46
805338,46.0961112991264,-71.1070062013713,1,1,2026-01-05 00:50:46
805339,46.1116640326839,-71.1059096340049,1,1,2026-01-05 00:50:46
805340,46.1272167034947,-71.1048121630595,1,1,2026-01-05 00:50:46
805943,46.0103504812726,-71.1065776461516,1,1,2026-01-05 00:50:46
805944,46.0259034409968,-71.1054842335948,1,1,2026-01-05 00:50:46
805945,46.0414563380247,-71.1043899210357,1,1,2026-01-05 00:50:46
805946,46.0570091723352,-71.1032947075582,1,1,2026-01-05 00:50:46
805947,46.0725619439069,-71.1021985922446,1,1,2026-01-05 00:50:46
805948,46.0881146527187,-71.1011015741759,1,1,2026-01-05 00:50:46
805949,46.1036672987494,-71.1000036524319,1,1,2026-01-05 00:50:46
805950,46.1192198819778,-71.0989048260911,1,1,2026-01-05 00:50:46
806553,46.002354012151,-71.1006814234365,1,1,2026-01-05 00:50:46
806554,46.0179068844915,-71.0995866628965,1,1,2026-01-05 00:50:46
806555,46.0334596940804,-71.098491001342,1,1,2026-01-05 00:50:46
806556,46.0490124408963,-71.0973944378556,1,1,2026-01-05 00:50:46
806557,46.0645651249181,-71.0962969715191,1,1,2026-01-05 00:50:46
806558,46.0801177461245,-71.0951986014126,1,1,2026-01-05 00:50:46
806559,46.0956703044941,-71.0940993266151,1,1,2026-01-05 00:50:46
806560,46.1112228000057,-71.0929991462041,1,1,2026-01-05 00:50:46
806561,46.126775232638,-71.091898059256,1,1,2026-01-05 00:50:46
807164,46.0099100685928,-71.0936907403669,1,1,2026-01-05 00:50:46
807165,46.0254627906086,-71.0925937311347,1,1,2026-01-05 00:50:46
807166,46.041015449796,-71.0914958189588,1,1,2026-01-05 00:50:46
807167,46.0565680461337,-71.0903970029198,1,1,2026-01-05 00:50:46
807168,46.0721205796004,-71.0892972820972,1,1,2026-01-05 00:50:46
807169,46.0876730501747,-71.0881966555691,1,1,2026-01-05 00:50:46
807170,46.1032254578354,-71.0870951224123,1,1,2026-01-05 00:50:46
807171,46.1187778025609,-71.0859926817021,1,1,2026-01-05 00:50:46
807774,46.0019129935568,-71.0877964650261,1,1,2026-01-05 00:50:46
807775,46.0174656278655,-71.0866981094333,1,1,2026-01-05 00:50:46
807776,46.0330181992904,-71.085598849886,1,1,2026-01-05 00:50:46
807777,46.0485707078101,-71.084498685464,1,1,2026-01-05 00:50:46
807778,46.0641231534031,-71.0833976152461,1,1,2026-01-05 00:50:46
807779,46.0796755360481,-71.0822956383094,1,1,2026-01-05 00:50:46
807780,46.0952278557237,-71.0811927537299,1,1,2026-01-05 00:50:46
807781,46.1107801124083,-71.0800889605823,1,1,2026-01-05 00:50:46
808385,46.0094682061074,-71.0808041352575,1,1,2026-01-05 00:50:46
808386,46.0250206896359,-71.079703529656,1,1,2026-01-05 00:50:46
808387,46.0405731102037,-71.0786020181695,1,1,2026-01-05 00:50:46
808388,46.0561254677891,-71.077499599876,1,1,2026-01-05 00:50:46
808389,46.0716777623708,-71.0763962738517,1,1,2026-01-05 00:50:46
808390,46.0872299939272,-71.0752920391719,1,1,2026-01-05 00:50:46
808391,46.1027821624369,-71.0741868949103,1,1,2026-01-05 00:50:46
808414,46.4604645874934,-71.0485153821033,1,1,2026-01-03 09:32:54
808995,46.0014705255903,-71.0749118076277,1,1,2026-01-05 00:50:46
808996,46.0170229210887,-71.0738098572882,1,1,2026-01-05 00:50:46
808997,46.0325752535707,-71.0727070000548,1,1,2026-01-05 00:50:46
808998,46.0481275230148,-71.0716032350044,1,1,2026-01-05 00:50:46
808999,46.0636797293993,-71.0704985612126,1,1,2026-01-05 00:50:46
809000,46.0792318727028,-71.0693929777537,1,1,2026-01-05 00:50:46
809001,46.0947839529036,-71.0682864837007,1,1,2026-01-05 00:50:46
809024,46.4524643312826,-71.04258364438,1,1,2026-01-03 09:32:54
809606,46.0090248939048,-71.0679178318027,1,1,2026-01-05 00:50:46
809607,46.0245771381674,-71.0668136301387,1,1,2026-01-05 00:50:46
809608,46.0401293193364,-71.0657085196492,1,1,2026-01-05 00:50:46
809609,46.05568143739,-71.0646024994089,1,1,2026-01-05 00:50:46
809610,46.0712334923068,-71.0634955684913,1,1,2026-01-05 00:50:46
809611,46.086785484065,-71.0623877259685,1,1,2026-01-05 00:50:46
809635,46.460014282089,-71.035523587997,1,1,2026-01-03 09:32:54
810216,46.0010266083399,-71.0620274522199,1,1,2026-01-05 00:50:46
810217,46.0165787642497,-71.060921907441,1,1,2026-01-05 00:50:46
810218,46.03213085701,-71.0598154528292,1,1,2026-01-05 00:50:46
810219,46.0476828865992,-71.0587080874584,1,1,2026-01-05 00:50:46
810220,46.0632348529956,-71.0575998104013,1,1,2026-01-05 00:50:46
810221,46.0787867561774,-71.0564906207293,1,1,2026-01-05 00:50:46
810222,46.094338596123,-71.0553805175123,1,1,2026-01-05 00:50:46
810827,46.0085801320734,-71.0550318309817,1,1,2026-01-05 00:50:46
810828,46.0241321362917,-71.0539240335634,1,1,2026-01-05 00:50:46
810829,46.0396840772829,-71.0528153243792,1,1,2026-01-05 00:50:46
810830,46.0552359550254,-71.051705702501,1,1,2026-01-05 00:50:46
810831,46.0707877694973,-71.0505951669992,1,1,2026-01-05 00:50:46
810832,46.0863395206769,-71.0494837169432,1,1,2026-01-05 00:50:46
811437,46.0005812418944,-71.0491433997815,1,1,2026-01-05 00:50:46
811438,46.0161331574372,-71.0480342608715,1,1,2026-01-05 00:50:46
811439,46.0316850096971,-71.0469242091899,1,1,2026-01-05 00:50:46
811440,46.0472367986523,-71.0458132438079,1,1,2026-01-05 00:50:46
811441,46.0627885242809,-71.0447013637951,1,1,2026-01-05 00:50:46
811442,46.0783401865611,-71.0435885682199,1,1,2026-01-05 00:50:46
812048,46.0081339207024,-71.0421461337737,1,1,2026-01-05 00:50:46
812049,46.0236856840977,-71.0410347409099,1,1,2026-01-05 00:50:46
812050,46.0392373841323,-71.0399224333404,1,1,2026-01-05 00:50:46
812051,46.0547890207842,-71.0388092101341,1,1,2026-01-05 00:50:46
812052,46.0703405940316,-71.0376950703586,1,1,2026-01-05 00:50:46
812658,46.0001344263427,-71.036259651291,1,1,2026-01-05 00:50:46
812659,46.0156861007403,-71.035146918559,1,1,2026-01-05 00:50:46
812660,46.0312377117211,-71.0340332701174,1,1,2026-01-05 00:50:46
812661,46.0467892592632,-71.0329187050342,1,1,2026-01-05 00:50:46
812662,46.0623407433446,-71.0318032223762,1,1,2026-01-05 00:50:46
813269,46.0076862598807,-71.0292607411576,1,1,2026-01-05 00:50:46
813270,46.0232377816747,-71.0281457531583,1,1,2026-01-05 00:50:46
813271,46.0387892399738,-71.0270298475138,1,1,2026-01-05 00:50:46
813272,46.054340634756,-71.0259130232903,1,1,2026-01-05 00:50:46
813879,45.9996861617742,-71.0233762077268,1,1,2026-01-05 00:50:46
813880,46.0152375942484,-71.022259881483,1,1,2026-01-05 00:50:46
813881,46.0307889631716,-71.021142636592,1,1,2026-01-05 00:50:46
813882,46.0463402685216,-71.0200244721187,1,1,2026-01-05 00:50:46
814490,46.0072371496979,-71.0163756541123,1,1,2026-01-05 00:50:46
814491,46.0227884291122,-71.0152570712883,1,1,2026-01-05 00:50:46
814492,46.0383396448972,-71.0141375678802,1,1,2026-01-05 00:50:46
815100,45.9992364482783,-71.0104930700671,1,1,2026-01-05 00:50:46
815101,46.0147876380512,-71.0093731506228,1,1,2026-01-05 00:50:46
815102,46.0303387641382,-71.0082523095939,1,1,2026-01-05 00:50:46
815711,46.0067865902437,-71.0034908736163,1,1,2026-01-05 00:50:46
815712,46.0223376265002,-71.0023686962796,1,1,2026-01-05 00:50:46
816321,45.998785285945,-70.9976102392901,1,1,2026-01-05 00:50:46
816322,46.0143362322385,-70.9964867269574,1,1,2026-01-05 00:50:46
816389,47.0561031098184,-70.9190570720269,1,1,2026-01-04 01:48:42
816932,46.0063345816081,-70.9906064006483,1,1,2026-01-05 00:50:46
817000,47.0636417510536,-70.9118950795707,1,1,2026-01-04 01:48:42
817610,47.0556335727209,-70.9059234135323,1,1,2026-01-04 01:48:42
818220,47.0476251294542,-70.8999534805844,1,1,2026-01-04 01:48:42
818221,47.0631713355766,-70.8987596874618,1,1,2026-01-04 01:48:42
818831,47.0551625330843,-70.8927900863006,1,1,2026-01-04 01:48:42
830436,47.1361016315225,-70.761250024481,1,1,2026-01-05 13:50:14
831046,47.1280861221649,-70.7552941617801,1,1,2026-01-05 13:50:14
891551,48.1190745732929,-70.0087999829297,1,1,2026-01-03 23:19:46
1009385,48.1717902866937,-68.7050067721828,1,1,2026-01-03 23:19:46
1009386,48.1872792721694,-68.7031025308585,1,1,2026-01-03 23:19:46
1009996,48.1791669560616,-68.6973693535381,1,1,2026-01-03 23:19:46
1009997,48.1946556933603,-68.6954623179033,1,1,2026-01-03 23:19:46
1010606,48.1710544274191,-68.6916378972509,1,1,2026-01-03 23:19:46
1010607,48.1865430151316,-68.6897296773654,1,1,2026-01-03 23:19:46
1010608,48.2020315039131,-68.6878198454815,1,1,2026-01-03 23:19:46
1011218,48.1939184635172,-68.6820877425645,1,1,2026-01-03 23:19:46
1020391,48.4283495284817,-68.5515018243559,1,1,2026-01-04 01:48:42
1021001,48.4202296149009,-68.5457701960417,1,1,2026-01-04 01:48:42
1021002,48.4357131141498,-68.5438008948268,1,1,2026-01-04 01:48:42
1021612,48.4275928362908,-68.5380698226705,1,1,2026-01-04 01:48:42
1141243,47.9289959389513,-67.2876888326068,1,1,2026-01-03 09:32:54
1141854,47.9362687723691,-67.2798997368107,1,1,2026-01-03 09:32:54
1142463,47.91265667067,-67.2767359631443,1,1,2026-01-03 09:32:54
1144296,47.9344711208488,-67.2533657710822,1,1,2026-01-03 09:32:54
1144906,47.9263001873856,-67.2478936995963,1,1,2026-01-03 09:32:54
1144907,47.9417412968854,-67.2455711830152,1,1,2026-01-03 09:32:54
1145517,47.9335700151835,-67.2400997607888,1,1,2026-01-03 09:32:54
1147350,47.9553755707973,-67.21670436269,1,1,2026-01-03 09:32:54
1147961,47.9626427787565,-67.2089013659151,1,1,2026-01-03 09:32:54
1321967,48.0255818741501,-65.2856357428941,1,1,2026-01-04 01:48:42
1322577,48.0173375923474,-65.2804837763421,1,1,2026-01-04 01:48:42
1322578,48.0326970582377,-65.2775676102838,1,1,2026-01-04 01:48:42
1323188,48.0244524448446,-65.2724164557335,1,1,2026-01-04 01:48:42
1323799,48.0315665755948,-65.2643468229686,1,1,2026-01-04 01:48:42
1324409,48.0233215142845,-65.2591979810824,1,1,2026-01-04 01:48:42
